{
  "version": 2,
  "buildCommand": "npm run build",
  "outputDirectory": "dist",
  "installCommand": "npm install",
  "framework": "vite",
  "rewrites": [
    {
      "source": "/api/conversation/(.*)",
      "destination": "https://api.bot.check24.de/conversation/$1"
    },
    {
      "source": "/api/thread",
      "destination": "https://api.bot.check24.de/thread"
    },
    {
      "source": "/api/attributes",
      "destination": "https://api.bot.check24.de/attributes"
    },
    {
      "source": "/api/attributes/bulk",
      "destination": "https://api.bot.check24.de/attributes/bulk"
    },
    {
      "source": "/api-test/conversation/(.*)",
      "destination": "https://api.bot.check24-test.de/conversation/$1"
    },
    {
      "source": "/api-test/thread",
      "destination": "https://api.bot.check24-test.de/thread"
    },
    {
      "source": "/((?!api/).*)",
      "destination": "/index.html"
    }
  ],
  "headers": [
    {
      "source": "/api-test/conversation/(.*)",
      "headers": [
        {
          "key": "X-Forwarded-Host",
          "value": "$host"
        },
        {
          "key": "X-Forwarded-Proto",
          "value": "$scheme"
        }
      ]
    },
    {
      "source": "/api-test/thread",
      "headers": [
        {
          "key": "X-Forwarded-Host",
          "value": "$host"
        },
        {
          "key": "X-Forwarded-Proto",
          "value": "$scheme"
        }
      ]
    }
  ]
}
